stop_id,count
N3,14.0
N4,10.800000000000002
N5,26.0
N6,17.8
N9,43.800000000000004
N10,33.400000000000006
N11,24.0
N14,41.2
N15,40.2
N21,40.0
N22,52.400000000000006
N23,40.0
N24,35.0
