stop_id,count
N3,0.0
N4,12.48
N5,21.560000000000002
N6,0.0
N9,29.360000000000003
N10,31.360000000000003
N11,12.400000000000002
N14,12.6
N15,28.72
N21,0.0
N22,34.6
N23,20.720000000000002
N24,0.0
